URL,KEYWORDS,IMK
https://bhuvan.nrsc.gov.in,Bhuvan-Logo; NRSC-Logo; NRSC-Logo; Home; NRSC; Application Sectors; Bhuvan Collaborators; Search; Bhuvan Store; Contact Us; Newsletter; WIKI; Bhuvan Genesis; Bhuvan Overview Training 2024  New     Flood Inundation at Godavari and Sabari confluence (09-07-2023 to 06-08-2023) New     ISRO Geosphere-Biosphere Programme (IGBP) Above Ground Biomass(AGB) Data New     Pocket Bhuvan enhanced with voice guided navigation New     Explore Bhuvan 2D 2.0  New     First census of water bodies under the Scheme Irrigation Census New     Release of Night Time Light (NTL) portal and Atlas to explore the decadal change of night time light over India from Space (2012-2021)    Release of MyBhuvan Application    Release of Bhuvan -Timelapse Application    Download AET Product on Bhuvan NHP Portal    Visualize Urban Water Body Information System on Bhuvan Portal    Bhuvan Overview Training 2024  New    Flood Inundation at Godavari and Sabari confluence (09-07-2023 to 06-08-2023) New    ISRO Geosphere-Biosphere Programme (IGBP) Above Ground Biomass(AGB) Data New    Pocket Bhuvan enhanced with voice guided navigation New    Explore Bhuvan 2D 2.0  New    First census of water bodies under the Scheme Irrigation Census New    Release of Night Time Light (NTL) portal and Atlas to explore the decadal change of night time light over India from Space (2012-2021)   Release of MyBhuvan Application   Release of Bhuvan -Timelapse Application   Download AET Product on Bhuvan NHP Portal   Visualize Urban Water Body Information System on Bhuvan Portal; Visualisation & Free Download; Collaborative applications - Platform to share your data and create governance applications; Bhuvan-2D; Bhuvan 2D; Bhuvan-3D; Bhuvan 3D; Bhuvan-Lite; Bhuvan Lite; Bhuvan-Open Data Archive; Open; Data Archive; Bhuvan-Climate & Environment; Climate & Environment; Bhoonidhi VISTA; Bhoonidhi VISTA; Application Sectors; Collaborative applications - Platform to share your data and create governance applications; Maps & OGC Services; Collaborative applications - Platform to share your data and create governance applications; Bhuvan-2D; Thematic Services; Bhuvan-3D; Ocean Services; Bhuvan-Open Data Archive; Disaster Management Services; Bhuvan-Climate & Environment; Create a Map; My Map | My GIS; Bhuvan Central Applications; Collaborative applications - Platform to share your data and create governance applications; Central Ministries Applications; Central Ministries; special Applications; Special Applications; g governance Dashboard; G Governance Dashboard; State wise Applications; State Wise Applications; Bhuvan Geoportal Statistics; Daily/Monthly Statistics; Useful Links; Discussion Forum; Terms; Bhuvan User; Handbook and Others; Search; Web Information Manager; Bhuvan Geo Portal & Web Services Group (BGWSG); National Remote Sensing Centre; Indian Space Research Organisation; Government of India,"['Sectors', 'Search', 'confluence', 'voice', 'navigation', 'census', 'water', 'bodies', 'decadal', 'change', 'night', 'time', 'light', 'Product', 'confluence', 'voice', 'navigation', 'census', 'water', 'bodies', 'decadal', 'change', 'night', 'time', 'light', 'Product', 'applications', 'Platform', 'data', 'governance', 'applications', '3D', 'Sectors', 'applications', 'Platform', 'data', 'governance', 'applications', 'applications', 'Platform', 'data', 'governance', 'applications', '|', 'applications', 'Platform', 'data', 'governance', 'applications', 'governance', 'Links', 'Terms', 'Search']"
https://bhuvan-app3.nrsc.gov.in/aadhaar/,Bhuvan - Aadhaar Centers; Tools; Home; Centers Nearby; Enter City or Location (ex:chennai or Birla temple); Search by PIN Code; State-wise Aadhaar Centers; Search by Aadhaar Center; Data Disclaimer: Authenticity and validation of the location is in progress. BHUVAN portal and ISRO is not responsible for its authenticity. The database is meant for visualization and indicative purpose only and cannot be used for any legal purpose.,"['ex', 'Search', 'State', 'Search', 'Authenticity', 'validation', 'location', 'progress', 'authenticity', 'database', 'visualization', 'purpose', 'purpose']"
https://bhuvan-app2.nrsc.gov.in/mgnrega/mgnrega_phase2.php,"Bhuvan-MGNREGA; Ministry of Rural Development; Enter City or Lat,Lon(ex:chennai or 13.2,80.3); Field Data Viewer; Stage; Financial year; State; District; Block; Panchayat; Category; Sub-Category; Request to become NREGA user; Statistics; Search By Work Code; GeoMGNREGA planning portal; GeoMGNREGA Grid Based Spatial Analytics; National Summary of Accepted Geotags; Phase I : 39280892; Phase II Before, During & After (BDA):; Stage 1 (Before) : 39867138; Stage 2 (During): 27958513; Stage 3 (After): 18034775; 2023-2024; 2022-2023; 2021-2022; 2020-2021; 2019-2020; 2018-2019; 2017-2018; 2016-2017; 2015-2016; 2014-2015; 2013-2014; 2012-2013; 2011-2012; 2010-2011; 2009-2010; 2008-2009; 2007-2008; 2006-2007; Andhra Pradesh; Arunachal Pradesh; Assam; Bihar; Chhattisgarh; Goa; Gujarat; Haryana; Himachal Pradesh; Jharkhand; Karnataka; Kerala; Maharashtra; Madhya Pradesh; Manipur; Meghalaya; Mizoram; Nagaland; Odisha; Punjab; Rajasthan; Sikkim; Tamil Nadu; Tripura; Telangana; Uttar Pradesh; Uttarakhand; West Bengal; Andaman & Nicobar (UT); Chandigarh (UT); Dadra & Nagar Haveli and Daman & Diu (UT); Delhi [National Capital Territory (NCT)]; Jammu & Kashmir (UT); Ladakh (UT); Lakshadweep (UT); Puducherry (UT); MGNREGA; MGNREGA Data; This is an article about the Indian Space Research Organisation’s (ISRO) Geoportal. It discusses various applications of the Geoportal, including Bhuvan-MGNREGA. The Geoportal provides tools and resources for users to explore and analyze geospatial data. Some of the important points are that the Geoportal includes data from satellites, hydrology, and infrastructure. Users can also add their own layers of data.","['Stage', 'year', 'Request', 'user', 'Statistics', 'planning', 'Stage', 'Stage', 'Stage', 'article', 'applications', 'tools', 'resources', 'users', 'data', 'points', 'data', 'satellites', 'hydrology', 'infrastructure', 'Users', 'layers', 'data']"
https://bhuvan-app1.nrsc.gov.in/bhuvan2d/bhuvan/bhuvan2d.php,This is an article about the Indian Space Research Organisation’s (ISRO) Geoportal. It discusses geospatial data and its applications. The article also provides links to tools and resources for using the Geoportal. Some of the important points are that the Geoportal is a gateway to Indian Earth Observation data and that it provides tools for viewing and analyzing this data.,"['article', 'data', 'applications', 'article', 'links', 'tools', 'resources', 'points', 'gateway', 'data', 'tools', 'data']"
https://bhuvan.nrsc.gov.in/home/index.php,"Bhuvan, the geospatial platform developed by the Indian Space Research Organisation (ISRO), has seen significant developments recently. Notable releases include the Overview Training 2024, Flood Inundation data at the Godavari and Sabari confluence, and the ISRO Geosphere-Biosphere Programme providing Above Ground Biomass(AGB) data. The introduction of Pocket Bhuvan with voice-guided navigation and Explore Bhuvan 2D 2.0 enhances user experience. Additionally, the platform highlights its commitment to environmental monitoring with initiatives like the First Census of water bodies under the Irrigation Census scheme and the release of Night Time Light (NTL) portal and Atlas for exploring decadal changes in night time light over India from space (2012-2021). Bhuvan also extends its reach with applications like MyBhuvan, Bhuvan -Timelapse, and AET Product on Bhuvan NHP Portal. The inclusion of Urban Water Body Information System visualization further underscores its utility. Collaborative applications offer a platform for sharing data and creating governance applications. Various Bhuvan versions, including 2D, 3D, Lite, Open Data Archive, Climate & Environment, and Bhoonidhi VISTA, cater to diverse user needs.","['platform', 'developments', 'releases', 'Training', 'data', 'confluence', 'data', 'introduction', 'voice', 'navigation', 'enhances', 'user', 'experience', 'platform', 'commitment', 'monitoring', 'initiatives', 'water', 'bodies', 'scheme', 'release', 'decadal', 'changes', 'night', 'time', 'light', 'space', 'reach', 'applications', '-Timelapse', 'Product', 'inclusion', 'visualization', 'utility', 'applications', 'platform', 'data', 'governance', 'applications', 'versions', 'user', 'needs']"
https://bhuvan-app1.nrsc.gov.in/api/,"Contains a list of all available Bhuvan APIs that can be freely used by the public. Some of these APIs are village geocoding, village reverse geocoding, various LULC statistics, shortest path API,ellipsoid to geoid conversion API. All of these APIs are freely available once the user has keys or tokens after logging in with their account or making a new one for the Bhuvan portal","['list', 'APIs', 'public', 'APIs', 'village', 'geocoding', 'village', 'reverse', 'geocoding', 'LULC', 'statistics', 'path', 'conversion', 'API', 'APIs', 'user', 'keys', 'tokens', 'account', 'one', 'portal']"
https://bhuvan-app1.nrsc.gov.in/hfa/housing_for_all.php,"The Ministry of Housing and Urban Affairs is actively engaged in the Housing for All initiative, also known as PMAY. Upon logging in, users are welcomed with a prompt to enter either the city name or latitude and longitude coordinates. The available tools include the Field Data Viewer, facilitating access to crucial information. Users can filter data by state, district, and city, ensuring a comprehensive view of housing-related details nationwide. The Image Gallery provides a visual representation of relevant data. The option to search by beneficiary ID offers a targeted approach to retrieving specific information. The interface design allows users to toggle the left panel for a cleaner view. With a geographic scope of 500 km on Bhuvan, the platform empowers users to access and analyze significant housing and urban affairs data efficiently.","['initiative', 'users', 'prompt', 'city', 'name', 'latitude', 'longitude', 'coordinates', 'tools', 'access', 'information', 'Users', 'data', 'state', 'district', 'city', 'view', 'housing', 'details', 'representation', 'data', 'option', 'beneficiary', 'approach', 'information', 'interface', 'design', 'users', 'panel', 'view', 'scope', 'km', 'platform', 'users', 'housing', 'affairs', 'data']"
https://bhuvan-app1.nrsc.gov.in/apshcl,"The A.P. State Housing Corporation provides a user-friendly interface upon login, prompting users to input city names or latitude and longitude coordinates. The available tools include the Field Data Viewer, facilitating efficient access to relevant information. Users can filter data based on district, mandal, village, observer ID, and specific project stages. The option to search by beneficiary ID allows for targeted inquiries. The platform also features Base Admin and Base Hydrology sections for comprehensive data management. With a geographic scope of 100 km on Bhuvan, users can analyze housing-related data efficiently. The Discussion Forum and Contact options provide avenues for communication and support. Toggling the left panel allows for a customized view of the interface. The platform emphasizes user engagement and accessibility, ensuring a seamless experience for individuals involved in housing-related initiatives.","['user', 'interface', 'login', 'users', 'city', 'names', 'latitude', 'longitude', 'coordinates', 'tools', 'access', 'information', 'Users', 'data', 'village', 'observer', 'project', 'stages', 'option', 'beneficiary', 'inquiries', 'platform', 'sections', 'data', 'management', 'scope', 'km', 'users', 'housing', 'data', 'Contact', 'options', 'avenues', 'communication', 'support', 'panel', 'view', 'interface', 'platform', 'user', 'engagement', 'accessibility', 'experience', 'individuals', 'housing', 'initiatives']"
https://bhuvan-app1.nrsc.gov.in/ntr,"The ""Search Hospital"" feature allows users to find healthcare facilities by entering a city name or latitude and longitude coordinates, with the option to set a proximity range in kilometers. The user can customize the search profile by selecting ""All"" for a comprehensive view. Additionally, the scheme filter ensures that users can specifically target healthcare facilities associated with a particular scheme. State-wise hospital information is available, and users can easily get directions and assess proximity to the desired healthcare institutions. The Bhuvan platform enhances the accessibility of healthcare-related data, offering a user-friendly interface for efficient navigation and exploration.","['feature', 'users', 'healthcare', 'facilities', 'city', 'name', 'latitude', 'longitude', 'coordinates', 'option', 'proximity', 'range', 'kilometers', 'user', 'search', 'profile', 'view', 'scheme', 'filter', 'users', 'healthcare', 'facilities', 'scheme', 'State', 'hospital', 'information', 'users', 'directions', 'proximity', 'healthcare', 'institutions', 'platform', 'accessibility', 'healthcare', 'data', 'user', 'interface', 'navigation', 'exploration']"
https://bhuvan.nrsc.gov.in/forum,"The page you linked to appears to be a discussion forum called Bhuvan Discussion Forum, but there are currently no forums on the board. It seems the forum is not very active, with the most users ever online being 36 on December 20, 2018. As of right now, there are only 2 users online, 1 registered and 1 guest.","['page', 'discussion', 'forum', 'forums', 'board', 'forum', 'users', 'users', 'guest']"
https://bhuvan-wbis.nrsc.gov.in/,"This article whisks you away on a voyage through India's watery landscape, courtesy of the National Remote Sensing Centre's Water Bodies Information System (WBIS). Dive into an ocean of data – over 82,000 reservoirs, lakes, and their ilk – meticulously categorized by size and tracked from satellite gaze across the years. Witness the dynamic pulse of these vital resources with live water levels and area comparisons, revealing the shrinking whispers of Himalayan glaciers or the sudden monsoon symphony that replenishes thirsty plains. From the colossal 115 major reservoirs, their names etched like ancient giants, to the countless whispers of smaller water bodies, WBIS becomes your personal cartographer. Unfurl this interactive map, trace the veins of India's watery lifeblood, and discover the fascinating depths of this precious resource, one pixel at a time.","['article', 'voyage', 'landscape', 'courtesy', 'ocean', 'data', 'reservoirs', 'lakes', 'ilk', 'size', 'satellite', 'gaze', 'years', 'pulse', 'resources', 'water', 'levels', 'area', 'comparisons', 'whispers', 'glaciers', 'monsoon', 'symphony', 'plains', 'reservoirs', 'names', 'giants', 'whispers', 'water', 'bodies', 'cartographer', 'map', 'veins', 'lifeblood', 'depths', 'resource', 'pixel', 'time']"
https://bhuvan-app2.nrsc.gov.in/planner/,This is a planner tool for BHUVAN Website. It uses Central Authentication Services and Single Sign In Options to login and use the features.,"['planner', 'tool', 'Options', 'features']"
https://bhuvan-app1.nrsc.gov.in/globe/3d.php,"This website is about 3D Globe and 3D spatial navigation. This interactive globe viewer lets you explore continents, oceans, and even landmarks. Overlay data layers like maps, roads, or buildings for a deeper look. Measure distances, map routes, and discover hidden insights through the information tool. All this, without downloads or plugins, on most devices. Bhuvan 3D: your personal portal to Earth's fascinating geography.","['website', 'navigation', 'globe', 'viewer', 'continents', 'oceans', 'landmarks', 'Overlay', 'data', 'layers', 'maps', 'roads', 'buildings', 'look', 'Measure', 'distances', 'map', 'routes', 'insights', 'information', 'tool', 'downloads', 'plugins', 'devices', '3D', 'portal', 'geography']"
https://bhuvan-app1.nrsc.gov.in/mhrd_rusa/,"The Ministry of Human Resource Development offers a login interface where users can input city names or latitude and longitude coordinates to access relevant information. The available tools include links, manuals, and access to college details. Specifically, the ""Institutions (Funded by RUSA)"" section provides a systematic approach to retrieve data. Users can choose attributes such as the state (Andhra Pradesh, in this case) and specify operations like ""Equal to (=)"". The platform supports further query expressions related to NR Census, Census (2011), and the Field Data Viewer, enhancing the depth of available information. With a geographic scope of 500 km on Bhuvan, the platform facilitates comprehensive data exploration. Additional features like the Discussion Forum, Send Mail, Legend, and Contact options contribute to user engagement and support. The platform serves as a valuable resource for accessing and analyzing data related to institutions funded by RUSA.","['login', 'interface', 'users', 'city', 'names', 'latitude', 'longitude', 'coordinates', 'information', 'tools', 'links', 'manuals', 'access', 'college', 'details', 'section', 'approach', 'data', 'Users', 'attributes', 'state', 'case', 'operations', 'platform', 'query', 'expressions', 'depth', 'information', 'scope', 'km', 'platform', 'data', 'exploration', 'features', 'Contact', 'options', 'user', 'engagement', 'support', 'platform', 'resource', 'data', 'institutions']"
https://bhuvan-app1.nrsc.gov.in/geographicalindication/index.php,"Bhuvan's Geographical Indications platform showcases India's unique products linked to specific regions, like Darjeeling tea or Kanjivaram silk. Explore a searchable database across various categories like food, handicrafts, and textiles. Uncover details like the product's history, location, and unique characteristics, empowering consumers to identify genuine items and celebrate India's rich cultural heritage.","['platform', 'products', 'regions', 'tea', 'silk', 'database', 'categories', 'food', 'handicrafts', 'textiles', 'Uncover', 'details', 'product', 'history', 'location', 'characteristics', 'consumers', 'items', 'heritage']"
https://bhuvan-app1.nrsc.gov.in/flycatchers/flycatchers.php,"The Distribution of Flycatchers feature on Bhuvan enables users to explore information based on specific attributes. By entering a city name or latitude and longitude coordinates, users can focus on a particular flycatcher species, such as the ""Black-and-Orange Flycatcher."" The platform utilizes common names as attributes and offers query expressions to refine searches. It's important to note that the information is derived from the Handbook of the Birds of India and Pakistan, maintaining the species names used by Salim Ali. The available map views include Map, Satellite, Hybrid, and Terrain, enhancing the visualization of flycatcher distribution. With a geographic scope of 500 km on Bhuvan, users can gain insights into the habitat and range of these bird species.
The Discussion Forum, Send Mail, Legend, and Contact options contribute to user engagement, providing a comprehensive tool for bird enthusiasts and researchers interested in flycatcher distribution.","['users', 'information', 'attributes', 'city', 'name', 'latitude', 'longitude', 'coordinates', 'users', 'flycatcher', 'species', 'platform', 'names', 'attributes', 'query', 'expressions', 'searches', 'information', 'species', 'names', 'map', 'views', 'visualization', 'distribution', 'scope', 'km', 'users', 'insights', 'habitat', 'range', 'bird', 'species', 'Contact', 'options', 'user', 'engagement', 'tool', 'bird', 'enthusiasts', 'researchers', 'distribution']"
https://bhuvan-app1.nrsc.gov.in/mhrd_ncert,"The Ministry of Education, under the Department of School Education & Literacy, presents School Bhuvan - NCERT, an e-learning portal designed to provide map-based learning experiences for students. The portal aims to raise awareness about the country's natural resources, environment, and their role in sustainable development. Offering various levels of exploration, including Level1, Level2, and Level3, students can engage in creating points, lines, and polygons with attributes related to political, agricultural, water, soil, minerals, and climate aspects. The portal also offers e-learning courses in Remote Sensing and Geospatial Technologies. The Help section provides materials for School Bhuvan - NCERT, including downloads related to specific mapping projects and educational content. Bhuvan, described as the gateway to Indian Earth Observation Data Products & Services, is highlighted as a Geoportal of the Indian Space Research Organisation (ISRO). This Earth browser allows users to explore and discover virtual earth in 2D, 2.5D, and 3D space, with a specific focus on the Indian region. The platform showcases ISRO's satellite imaging capabilities in a multi-sensor, multi-platform, and multi-temporal domain. The exploration of Bhuvan serves as a valuable resource for accessing Indian Earth Observation data, enhancing students' understanding of geographical concepts. The copyright for Bhuvan is attributed to ISRO, dated 2014.","['e', 'portal', 'map', 'learning', 'experiences', 'students', 'awareness', 'country', 'resources', 'environment', 'role', 'development', 'levels', 'exploration', 'students', 'points', 'lines', 'polygons', 'attributes', 'water', 'soil', 'minerals', 'climate', 'aspects', 'portal', 'e', 'courses', 'Help', 'section', 'materials', 'downloads', 'mapping', 'projects', 'content', 'gateway', 'browser', 'users', 'earth', '2.5D', 'space', 'focus', 'region', 'platform', 'satellite', 'imaging', 'capabilities', '-', '-', 'domain', 'exploration', 'resource', 'data', 'students', 'understanding', 'concepts', 'copyright']"
https://bhuvan-app1.nrsc.gov.in/nabard,This is the webpage for monitoring of NABARD Watershed projects using geospatial technology but it is currently under maintainance,"['webpage', 'monitoring', 'projects', 'technology', 'maintainance']"
https://bhuvan-app1.nrsc.gov.in/iwmp,"peering down from satellites on India's watersheds, tracking how forests grow, rivers swell, and projects unfold. This web-based tool uses real-time data to show land cover changes, water levels in reservoirs, and the progress of crucial conservation efforts. Overlay maps, zoom in on details, and even generate reports to share with others. Bhuvan IWMP isn't just a map; it's a collaborative hub for informed decisions and sustainable water management across India. Dive in and become a steward of our precious resource!","['satellites', 'watersheds', 'forests', 'rivers', 'projects', 'web', 'tool', 'time', 'data', 'land', 'cover', 'changes', 'water', 'levels', 'reservoirs', 'progress', 'conservation', 'efforts', 'Overlay', 'maps', 'details', 'reports', 'others', 'map', 'hub', 'decisions', 'water', 'management', 'steward', 'resource']"
https://bhuvan-app1.nrsc.gov.in/tourism/tourism.php,"Bhuvan Tourism goes beyond the typical travel guide, offering a dynamic and interactive experience fueled by satellite insights and community contributions. From planning the perfect adventure to uncovering hidden wonders, Bhuvan Tourism is your essential companion for exploring the diverse and captivating landscape of India. So, pack your bags, download the app, and let Bhuvan Tourism guide you on an unforgettable journey through the heart of India.","['travel', 'guide', 'experience', 'satellite', 'insights', 'community', 'contributions', 'adventure', 'wonders', 'companion', 'landscape', 'bags', 'app', 'journey', 'heart']"
https://bhuvan-app1.nrsc.gov.in/hp_forest,"Bhuvan Himachal Pradesh Forest is a web platform dedicated to exploring and understanding the forests of Himachal Pradesh, India. Developed by the Indian Space Research Organisation (ISRO), it offers a wealth of information and tools for: Forest Exploration
Interactive Maps: Navigate detailed maps with various layers like satellite imagery, forest cover, administrative boundaries, and infrastructure networks.
Know Your Forest: Find detailed information about specific forest areas, including tree species, topography, and wildlife.
Live Fire Locations: Monitor real-time forest fire locations and historical trends.
Forest Management:
Asset Management: Track important assets like beat boundaries, wildlife sanctuaries, and plantations.
Climate Vulnerability: Assess the vulnerability of different forest areas to climate change.
Forest Fire Regimes: Analyze historical fire data to understand fire patterns and risk zones.
Additional Features:
My Layers: Upload your own data layers for personalized analysis.
Discussion Forum: Connect with other users and share insights about Himachal Pradesh forests.
Download Data: Access and download various forest-related data sets.","['web', 'platform', 'forests', 'wealth', 'information', 'tools', 'maps', 'layers', 'satellite', 'imagery', 'forest', 'cover', 'boundaries', 'infrastructure', 'networks', 'Forest', 'information', 'forest', 'areas', 'tree', 'species', 'topography', 'wildlife', 'Locations', 'time', 'forest', 'fire', 'locations', 'trends', 'assets', 'boundaries', 'wildlife', 'sanctuaries', 'plantations', 'vulnerability', 'forest', 'areas', 'climate', 'change', 'Regimes', 'fire', 'data', 'fire', 'patterns', 'risk', 'zones', 'Features', 'Layers', 'data', 'layers', 'analysis', 'users', 'share', 'insights', 'forests', 'Access', 'forest', 'data', 'sets']"
https://bhuvan-app1.nrsc.gov.in/disaster/disaster.php,"Bhuvan Disaster Services provides a comprehensive overview of natural disasters in India. Explore real-time maps of floods, cyclones, landslides, earthquakes, forest fires, and droughts. Track affected areas, monitor water levels, and access detailed reports for informed decision-making and disaster preparedness. Dive into historical data to understand trends and patterns, empowering individuals and organizations to build resilience against nature's wrath.","['overview', 'disasters', 'time', 'maps', 'floods', 'cyclones', 'landslides', 'earthquakes', 'forest', 'fires', 'droughts', 'Track', 'areas', 'water', 'levels', 'reports', 'decision', 'making', 'disaster', 'preparedness', 'data', 'trends', 'patterns', 'individuals', 'organizations', 'resilience', 'nature', 'wrath']"
https://bhuvan-app1.nrsc.gov.in/thematic/thematic/index.php,"Bhuvan Thematic Services offers a platform to explore and analyze thematic data crucial for understanding India's land use, environment, and development. Visualize and access detailed information on land cover, wastelands, geomorphology, flood hazards, water bodies, and urban sprawl through interactive maps and downloadable datasets. This empowers users in diverse fields to study environmental changes, plan infrastructure, and manage resources effectively.","['platform', 'data', 'land', 'use', 'environment', 'development', 'Visualize', 'information', 'land', 'cover', 'wastelands', 'geomorphology', 'flood', 'hazards', 'water', 'bodies', 'sprawl', 'maps', 'datasets', 'users', 'fields', 'changes', 'plan', 'infrastructure', 'resources']"
https://bhuvan-app1.nrsc.gov.in/imd/,"Bhuvan's IMD Weather Products section provides a platform for users to access weather-related information. Upon logging in, users are welcomed with tools like links and a home button. The primary feature, ""Spatial Distribution of Weather Parameters,"" allows users to select the product frequency. Unfortunately, specific details about the available frequencies are not provided in the given paragraph. The platform emphasizes metadata view and offers technical documents for further insights. With a geographic scope of 500 km on Bhuvan, users can explore the spatial distribution of weather parameters using data from Indian Remote Sensing Satellites. The platform also facilitates user interaction through the Discussion Forum, Send Mail, and Contact options. While the paragraph introduces the Bhuvan-IMD Weather Products, more specific information about the available products and their frequencies would be needed for a comprehensive summary.","['section', 'platform', 'users', 'weather', 'information', 'users', 'tools', 'links', 'home', 'button', 'feature', 'users', 'product', 'frequency', 'details', 'frequencies', 'paragraph', 'platform', 'view', 'documents', 'insights', 'scope', 'km', 'users', 'distribution', 'weather', 'parameters', 'data', 'platform', 'user', 'interaction', 'Contact', 'options', 'paragraph', 'information', 'products', 'frequencies', 'summary']"
https://bhuvan-app1.nrsc.gov.in/pdmc/,"The Department of Agriculture, Cooperation, and Farmers Welfare is actively implementing the Geo-tagging of assets under the ""Per Drop More Crop"" (PDMC) component of the Pradhan Mantri Krishi Sinchayee Yojana (PMKSY) using Geospatial Technologies. Launched on July 1, 2015, PMKSY aims to achieve the convergence of investments in irrigation at the field level. Its key objectives include expanding cultivable areas under assured irrigation, improving on-farm water use efficiency to minimize water wastage, and promoting the adoption of precision-irrigation and other water-saving technologies. The project signifies a shift towards sustainable and efficient water management practices, reflected in its re-christening as Per Drop More Crop. The initiative utilizes Bhuvan and NRSC (National Remote Sensing Centre) platforms, providing a user manual for guidance. The different login roles, such as Administrator, State Moderator, and District Moderator, indicate a structured approach to project management. Users can engage in discussions through the Discussion Forum and seek assistance via the Contact option, emphasizing collaboration and communication within the initiative.","['Cooperation', 'tagging', 'assets', 'Drop', 'Crop', 'PDMC', 'component', 'convergence', 'investments', 'irrigation', 'field', 'level', 'objectives', 'areas', 'irrigation', 'farm', 'water', 'use', 'efficiency', 'water', 'wastage', 'adoption', 'precision', 'irrigation', 'water', 'technologies', 'project', 'shift', 'water', 'management', 'practices', 're', 'initiative', 'platforms', 'user', 'manual', 'guidance', 'login', 'roles', 'approach', 'management', 'Users', 'discussions', 'assistance', 'Contact', 'option', 'collaboration', 'communication', 'initiative']"
https://bhuvan-app1.nrsc.gov.in/heatwave/,"The Hot Weather Outlook feature on Bhuvan offers users the ability to visualize hot weather conditions. Upon logging in, users can access tools such as links and a home button. The primary tool, ""Hot Weather Visualization,"" allows users to explore and understand the spatial distribution of hot weather. Unfortunately, specific details about the visualization parameters or frequency are not provided in the given paragraph. The platform leverages Indian Remote Sensing Satellites to enhance the understanding of hot weather patterns. With a geographic scope of 1000 km on Bhuvan, users can gain insights into the extensive coverage of hot weather conditions. The platform also encourages user interaction through the Discussion Forum, Send Mail, and Contact options, fostering engagement and support within the Bhuvan community.","['feature', 'users', 'ability', 'weather', 'conditions', 'users', 'tools', 'links', 'home', 'button', 'tool', 'users', 'distribution', 'weather', 'details', 'visualization', 'parameters', 'frequency', 'paragraph', 'platform', 'understanding', 'weather', 'patterns', 'scope', 'km', 'users', 'insights', 'coverage', 'weather', 'conditions', 'platform', 'user', 'interaction', 'Contact', 'options', 'engagement', 'support', 'community']"
https://bhuvan-app1.nrsc.gov.in/mowr_ganga/,"Bhuvan Ganga, dedicated to supporting the National Mission for Clean Ganga, offers geospatial tools and information to enhance environmental management along the Ganges River. Users can log in and access features like administrative boundaries at the state, district, taluk, village, and panchayat levels, aiding in comprehensive planning. The platform provides tools for drainage analysis, identifying pollution sources, monitoring water quality, and understanding utilities and treatment plants. Project-related information, national parks, sanctuaries, and monitoring locations are also accessible. Users can query village statistics and explore features such as the Ganga Flood Plain, overlaying various data layers for detailed analysis. The inclusion of 3D views, Varanasi Ghats, Kumbh Mela-2013, and a mobile app download option showcases the platform's diverse capabilities. Bhuvan Ganga utilizes data from Indian Remote Sensing Satellites, ensuring accurate and up-to-date information. The Discussion Forum, Send Mail, and Contact options promote user engagement and support within the Bhuvan community.","['tools', 'information', 'management', 'Users', 'access', 'features', 'boundaries', 'state', 'district', 'taluk', 'village', 'panchayat', 'levels', 'planning', 'platform', 'tools', 'drainage', 'analysis', 'pollution', 'sources', 'water', 'quality', 'utilities', 'treatment', 'plants', 'Project', 'information', 'parks', 'sanctuaries', 'monitoring', 'locations', 'Users', 'village', 'statistics', 'features', 'data', 'layers', 'analysis', 'inclusion', 'views', 'app', 'download', 'option', 'platform', 'capabilities', 'data', 'date', 'information', 'Contact', 'options', 'user', 'engagement', 'support', 'community']"
https://bhuvan-app1.nrsc.gov.in/ts_forest/,"Explore Telangana's forests like a ranger with Bhuvan! Navigate detailed maps layered with satellite imagery, boundaries, and even plantations. Track real-time fire locations and analyze historical trends. Monitor important assets like wildlife sanctuaries and beat boundaries. Assess climate vulnerability and understand past fire patterns to protect these vital resources. Bhuvan empowers everyone, from nature enthusiasts to forest officers, to explore, understand, and manage Telangana's forests responsibly.","['forests', 'ranger', 'maps', 'satellite', 'imagery', 'boundaries', 'plantations', 'time', 'fire', 'locations', 'trends', 'assets', 'wildlife', 'sanctuaries', 'boundaries', 'Assess', 'climate', 'vulnerability', 'fire', 'patterns', 'resources', 'nature', 'enthusiasts', 'forest', 'officers', 'forests']"
https://bhuvan-app1.nrsc.gov.in/pb_forest/,"Bhuvan Punjab Forest is a web platform dedicated to exploring and managing the forests of Punjab, India. Dive into detailed maps with layers like satellite imagery, forest cover, and infrastructure. Monitor real-time fire locations and historical trends. Track crucial assets like wildlife sanctuaries and plantations. Analyze climate vulnerability and historical fire patterns to protect this vital resource. Bhuvan empowers everyone, from nature enthusiasts to forest officers, to explore, understand, and manage Punjab's forests responsibly.","['web', 'platform', 'forests', 'maps', 'layers', 'satellite', 'imagery', 'forest', 'cover', 'infrastructure', 'time', 'fire', 'locations', 'trends', 'assets', 'wildlife', 'sanctuaries', 'plantations', 'climate', 'vulnerability', 'fire', 'patterns', 'resource', 'nature', 'enthusiasts', 'forest', 'officers', 'forests']"
https://bhuvan-app1.nrsc.gov.in/narl/,"This website tells about the Weather Climate Models and Weather Climate Environement Modelled Products like Surface Temperature, Surface Wind Speed, Rainfall, Total Totals Index, K Index, Relative Humidity. We just need to enter the date and the results will come.","['website', 'date', 'results']"
https://bhuvan-app1.nrsc.gov.in/ka_forest,"Bhuvan Karnataka Forest is a web platform dedicated to exploring and managing the forests of Karnataka, India. It offers interactive maps with layers like satellite imagery, forest cover, administrative boundaries, and infrastructure. Key features include: Live Fire Monitoring: Track real-time forest fire locations and their historical trends. Forest Asset Management: Track important assets like wildlife sanctuaries, plantations, and beat boundaries. Climate Vulnerability Assessment: Assess the vulnerability of different forest areas to climate change. Forest Fire Regime Analysis: Analyze historical fire data to understand fire patterns and identify risk zones. Discussion Forum: Connect with other users and share insights about Karnataka's forests. Downloadable Data: Access and download various forest-related datasets for further analysis. Bhuvan Karnataka Forest caters to a diverse audience, from nature enthusiasts to forest officers and researchers.","['web', 'platform', 'forests', 'maps', 'layers', 'satellite', 'imagery', 'forest', 'cover', 'boundaries', 'infrastructure', 'features', 'Monitoring', 'Track', 'time', 'forest', 'fire', 'locations', 'trends', 'assets', 'wildlife', 'sanctuaries', 'plantations', 'boundaries', 'vulnerability', 'forest', 'areas', 'climate', 'change', 'fire', 'data', 'fire', 'patterns', 'risk', 'zones', 'users', 'share', 'insights', 'forests', 'Data', 'Access', 'forest', 'datasets', 'analysis', 'caters', 'audience', 'nature', 'enthusiasts', 'forest', 'officers', 'researchers']"
https://bhuvan-app1.nrsc.gov.in/state/HR,"Bhuvan's Haryana viewer lets you explore this Indian state through interactive maps. Overlay satellite imagery, boundaries, and natural features like districts, cities, and villages. Gain deeper insights with data layers like population density, land cover, and water bodies. Uncover historical census details and points of interest like monuments and protected areas. Bhuvan: your window to vibrant Haryana's diverse landscape.","['viewer', 'state', 'maps', 'satellite', 'imagery', 'boundaries', 'features', 'districts', 'cities', 'villages', 'insights', 'data', 'layers', 'population', 'density', 'land', 'cover', 'water', 'bodies', 'Uncover', 'census', 'details', 'points', 'interest', 'monuments', 'areas', 'Bhuvan', 'window', 'landscape']"
https://bhuvan-app1.nrsc.gov.in/saraswati/,"Bhuvan Saraswati delves into the mystery of the ancient Saraswati River in India. Explore interactive maps showcasing its path through satellite imagery, palaeochannels, and archaeological sites. Access detailed information on Harappan civilization sites, groundwater resources, and geological data. Gain insights into its historical significance, potential location, and the ongoing debate about its disappearance. This platform fosters exploration and understanding of this intriguing piece of Indian history.","['mystery', 'maps', 'path', 'satellite', 'imagery', 'palaeochannels', 'sites', 'Access', 'information', 'civilization', 'sites', 'groundwater', 'resources', 'data', 'Gain', 'insights', 'significance', 'location', 'debate', 'disappearance', 'platform', 'fosters', 'exploration', 'understanding', 'piece', 'history']"
https://bhuvan-app1.nrsc.gov.in/web_view/index.php,"Bhuvan's web viewer opens a window to explore India's diverse landscapes via interactive maps. Choose from satellite imagery, forest cover, administrative boundaries, and more to customize your view. Dive into specific regions with features like satellite data downloads, terrain measurements, and even information on points of interest like monuments and protected areas. Whether you're a curious explorer, researcher, or citizen planner, Bhuvan empowers you to navigate and understand India's vast geographical tapestry.","['web', 'viewer', 'window', 'landscapes', 'maps', 'satellite', 'imagery', 'forest', 'cover', 'boundaries', 'view', 'regions', 'features', 'satellite', 'data', 'downloads', 'terrain', 'measurements', 'information', 'points', 'interest', 'monuments', 'areas', 'explorer', 'researcher', 'citizen', 'planner', 'tapestry']"
https://bhuvan-app1.nrsc.gov.in/pmjvk,"Has information about Pradhan Mantri Jan Vikas Karyakram. Users can view fieled data of all the states, districts and mandals on in all kinds of sectors like Animal Husbandry, DWS, Education, Health, Housing,mobilisation, sanitation, sports, etc. . It also contains information about all the active projects in these sectors","['information', 'Users', 'data', 'states', 'districts', 'mandals', 'kinds', 'sectors', 'mobilisation', 'sanitation', 'sports', 'information', 'projects', 'sectors']"
https://bhuvan-app1.nrsc.gov.in/anganwadi/,"The Ministry of Women & Child Development's Anganwadi platform, accessible through Bhuvan, provides a user-friendly interface for managing and visualizing field data related to Anganwadi centers. Users can log in and input a city name or latitude and longitude coordinates to access specific information. The tools available include the Field Data Viewer, allowing users to filter data by state, district, project, sector, AWCS (Anganwadi Centers), and AWWS (Anganwadi Worker and Supervisor). The platform's versatility is emphasized with the option to search by Anganwadi code for targeted inquiries. The geographic scope of 500 km on Bhuvan ensures comprehensive coverage. Users can also engage in discussions through the Discussion Forum, send mail, and access legends for better interpretation. The platform encourages collaboration and communication, fostering a supportive community within the Bhuvan environment.","['platform', 'user', 'interface', 'field', 'data', 'centers', 'Users', 'city', 'name', 'latitude', 'longitude', 'coordinates', 'information', 'tools', 'users', 'data', 'state', 'district', 'project', 'sector', 'platform', 'versatility', 'option', 'code', 'inquiries', 'scope', 'km', 'coverage', 'Users', 'discussions', 'mail', 'access', 'legends', 'interpretation', 'platform', 'collaboration', 'communication', 'community', 'environment']"
https://bhuvan-app3.nrsc.gov.in/corona/,"Has all the information about the active, recovered and disease corona virus patients. This website has this information for all the states","['information', 'disease', 'virus', 'patients', 'website', 'information', 'states']"
https://bhuvan-app1.nrsc.gov.in/moef_cris,"Bhuvan MOEF CRIS dives deep into India's environmental conservation efforts. Explore a centralized resource inventory across various centers through detailed information and location maps. Analyze data on pollution control boards, wildlife sanctuaries, zoos, and botanical gardens. Access reports, monitor pollution levels, and even track greening initiatives. This platform empowers you to understand and engage in India's environmental journey. The Centralised Resource Inventory System (CRIS) by the Ministry of Environment, Forest, and Climate Change is a comprehensive platform facilitating resource management. Users can input a city or geographical coordinates to access information on various entities, including Autonomous Bodies, Centres of Excellence, ENVIS Centres, Focal Points, Institutes, Ministries, Public Sector Undertakings, and Regional Offices. The system categorizes resources under different branches such as Regional Centre for Botanical Survey of India (BSI), Regional Centre for Zoological Survey of India (ZSI), Regional Office for Forest Survey of India (FSI), Regional Office for Wildlife Crime Control Bureau (WCCB), and Regional Centre for National Afforestation and Eco-Development Board (NAEB). The left panel allows users to toggle visibility for a more focused view. Overall, CRIS serves as a centralized hub for managing and accessing environmental and forestry-related information.","['conservation', 'efforts', 'resource', 'inventory', 'centers', 'information', 'location', 'maps', 'data', 'pollution', 'control', 'boards', 'wildlife', 'sanctuaries', 'zoos', 'gardens', 'Access', 'reports', 'pollution', 'levels', 'initiatives', 'platform', 'journey', 'platform', 'resource', 'management', 'Users', 'city', 'coordinates', 'information', 'entities', 'system', 'resources', 'branches', 'panel', 'users', 'visibility', 'view', 'CRIS', 'hub', 'forestry', 'information']"
https://bhuvan-app1.nrsc.gov.in/2dresources/bhuvanstore.php,"Bhuvan Store offers a treasure trove of satellite data for India. Download high-resolution imagery from various satellites like Cartosat and Resourcesat. Access data covering terrain, land cover, vegetation, and water bodies across different resolutions and time periods. Bhuvan Store empowers researchers, planners, and anyone interested in India's diverse landscape to analyze and visualize geospatial data for their specific needs.","['treasure', 'trove', 'satellite', 'data', 'resolution', 'imagery', 'satellites', 'Access', 'data', 'terrain', 'land', 'cover', 'vegetation', 'water', 'bodies', 'resolutions', 'time', 'periods', 'researchers', 'planners', 'landscape', 'data', 'needs']"
https://bhuvan-app1.nrsc.gov.in/rbi,"Bhuvan RBI - To Support RBI for mapping and effective management for all banks in India. Geotagging initiative is taken up using an android app to precisely locate RBI various banking units like Branch/ATMs/Administrative Office/Electronic Kiosk etc,. through Bhuvan Geoportal. Portal provides facility to visualise asset spread in the context of high resolution image backdrop with GIS analytical capabilities. This mapping system is a collaborative effort between Reserve Bank of India and National Remote Sensing Center, ISRO.","['RBI', 'mapping', 'management', 'banks', 'initiative', 'app', 'banking', 'units', 'facility', 'asset', 'context', 'resolution', 'image', 'backdrop', 'capabilities', 'mapping', 'system', 'effort']"
https://bhuvan-app1.nrsc.gov.in/sitemap,"Bhuvan provides a plethora of tools and information across India through various portals. Explore diverse landscapes with interactive maps, from state viewers and specific regions like Himachal Pradesh forests to thematic data on land use and disaster management. Track fires, analyze climate impacts, visualize infrastructure, and delve into historical data. Bhuvan caters to everyone, from casual explorers to researchers and government officials, empowering them to understand and manage India's land, resources, and natural wonders. It is basically a geo governance platform.","['plethora', 'tools', 'information', 'portals', 'landscapes', 'maps', 'state', 'viewers', 'regions', 'forests', 'data', 'land', 'use', 'disaster', 'management', 'Track', 'fires', 'climate', 'impacts', 'visualize', 'infrastructure', 'data', 'Bhuvan', 'caters', 'explorers', 'researchers', 'government', 'officials', 'land', 'resources', 'wonders', 'governance', 'platform']"
https://bhuvan-app1.nrsc.gov.in/mhrd_ncert/sb/sb.php,"School Bhuvan is a web portal developed by ISRO in collaboration with the National Council of Educational Research and Training (NCERT) in India. It offers interactive map-based learning experiences to enhance students' understanding of geography, natural resources, environmental issues, and sustainable development. Key features include: Interactive Maps: Explore maps of India with layers like satellite imagery, political boundaries, natural features, and thematic data. Level-Based Activities: Engage in exercises and tasks tailored to different levels of understanding, from basic map literacy to advanced spatial analysis. Curriculum Alignment: Resources and activities align with NCERT's curriculum for geography and environmental education. Air Quality Mapping: Explore interactive maps showcasing air quality data in Delhi, enabling students to visualize pollution patterns and understand its impact. Teacher Resources: Access lesson plans, teaching guides, and other resources to support educators in integrating geospatial technology into their classrooms. School Bhuvan aims to foster spatial thinking, environmental awareness, and informed decision-making among students, empowering them to become responsible citizens in a rapidly changing world.","['School', 'web', 'portal', 'collaboration', 'map', 'learning', 'experiences', 'students', 'understanding', 'geography', 'resources', 'issues', 'development', 'features', 'Maps', 'Explore', 'maps', 'layers', 'satellite', 'imagery', 'boundaries', 'features', 'data', 'Level', 'Activities', 'exercises', 'tasks', 'levels', 'understanding', 'map', 'literacy', 'analysis', 'Resources', 'activities', 'curriculum', 'geography', 'education', 'maps', 'air', 'quality', 'data', 'students', 'pollution', 'patterns', 'impact', 'Teacher', 'Resources', 'Access', 'lesson', 'plans', 'guides', 'resources', 'educators', 'technology', 'classrooms', 'thinking', 'awareness', 'decision', 'making', 'students', 'citizens', 'world']"
https://bhuvan-app1.nrsc.gov.in/tourism/tourism.php?tourismid=1,"Amritsar, historically known as Ramdaspur and colloquially as Ambarsar, stands as a significant city in the north-western part of India. Serving as the spiritual center for the Sikh religion, it also holds the administrative headquarters of the Amritsar district in Punjab. The city boasts a rich cultural and historical heritage, featuring renowned sites such as the iconic Golden Temple within the Harmandir Sahib Complex, the solemn Jalianwala Bagh, and various other religious landmarks like Gurudwaras and mosques. Amritsar offers diverse accommodation options, including Dharamshalas, Guest Houses, Hotels, and more. Visitors can explore not only religious and historical sites but also indulge in culinary delights at eateries, restaurants, and traditional Dhabas. Essential services like police stations, post offices, and healthcare facilities are well-integrated into the city, ensuring a convenient and enriching experience for tourists. The city's vibrant atmosphere, cultural significance, and architectural wonders make it a compelling destination for travelers seeking a blend of spirituality and heritage.","['city', 'north', 'part', 'center', 'religion', 'headquarters', 'district', 'city', 'heritage', 'sites', 'landmarks', 'mosques', 'accommodation', 'options', 'Visitors', 'sites', 'delights', 'eateries', 'restaurants', 'services', 'police', 'stations', 'post', 'offices', 'healthcare', 'facilities', 'city', 'experience', 'tourists', 'city', 'atmosphere', 'significance', 'wonders', 'destination', 'travelers', 'blend', 'spirituality', 'heritage']"
https://bhuvan-app1.nrsc.gov.in/municipal/municipal.php,"The Ludhiana Municipal Geographic Information System (GIS) on Bhuvan presents updated data for Block-27 of Zone – D, enhancing accessibility and information for residents and administrators. This platform offers a comprehensive view of municipal amenities, including banks, bus stands, cinemas, clubs, educational institutions, community centers, cremation/burial grounds, warehouses, municipal offices/residences, railway stations, and stadiums. The GIS tool provides residents with the ability to search for information using criteria such as ward, zone, block, locality, or house number, thereby enabling them to access details about specific areas within Ludhiana, Punjab. It serves as a valuable resource for citizens to understand ward-wise facilities, government schemes, and the grievance redressal system. The Ludhiana Municipal GIS on Bhuvan stands as a pivotal online planning tool, fostering better governance by facilitating administrators and planners in their decision-making processes.","['data', 'D', 'accessibility', 'information', 'residents', 'administrators', 'platform', 'view', 'amenities', 'banks', 'bus', 'stands', 'clubs', 'institutions', 'community', 'centers', 'cremation', 'burial', 'grounds', 'warehouses', 'offices', 'residences', 'railway', 'stations', 'stadiums', 'tool', 'residents', 'ability', 'information', 'criteria', 'ward', 'zone', 'block', 'locality', 'house', 'number', 'details', 'areas', 'resource', 'citizens', 'ward', 'facilities', 'government', 'schemes', 'grievance', 'redressal', 'system', 'planning', 'tool', 'governance', 'administrators', 'planners', 'decision', 'processes']"
https://bhuvan-app1.nrsc.gov.in/toll/morth_nhai.php,"Navigate India's highways with ease using Bhuvan Toll! Explore interactive maps showcasing national and state highways, overlaid with toll plaza locations and toll fee details. Plan your route ahead, estimate travel costs, and avoid surprises at the booth. This platform empowers drivers and travelers to optimize their journeys on India's vast network of toll roads.","['highways', 'ease', 'maps', 'state', 'highways', 'toll', 'plaza', 'locations', 'toll', 'fee', 'details', 'route', 'travel', 'costs', 'surprises', 'booth', 'platform', 'drivers', 'travelers', 'journeys', 'network', 'toll', 'roads']"
https://bhuvan-app1.nrsc.gov.in/walamtari/walamtari.php,Webpage contains a lot information about baselin studies on water use efficiency of irrigation projects,"['Webpage', 'lot', 'information', 'baselin', 'studies', 'water', 'use', 'efficiency', 'irrigation', 'projects']"
https://bhuvan-app1.nrsc.gov.in/mines/mines.php,"Bhuvan Mines delves into the world of mineral resources in India. Explore interactive maps showcasing mine locations across states, overlaid with data on minerals extracted, lease details, and production statistics. Access reports, visualize mining trends, and even identify potential new sites. This platform empowers policymakers, researchers, and anyone interested in India's mineral wealth to understand and analyze the mining landscape.","['world', 'mineral', 'resources', 'maps', 'mine', 'locations', 'states', 'data', 'minerals', 'lease', 'details', 'production', 'statistics', 'Access', 'reports', 'visualize', 'mining', 'trends', 'sites', 'platform', 'policymakers', 'researchers', 'mineral', 'wealth', 'mining', 'landscape']"
https://bhuvan-app1.nrsc.gov.in/agriculture/agri.php,"Bhuvan Agriculture serves as your India-wide farmhand, empowering you to explore and understand the agricultural landscape. Navigate detailed maps layered with land cover, water resources, irrigation networks, and even crop type. Track soil health, monitor droughts, and analyze agricultural trends. Access detailed information on agricultural schemes, markets, and research facilities. Bhuvan Agriculture empowers farmers, researchers, and anyone interested in India's food security to cultivate knowledge and manage resources for a thriving agricultural future.","['farmhand', 'landscape', 'maps', 'land', 'cover', 'water', 'resources', 'irrigation', 'networks', 'crop', 'type', 'Track', 'soil', 'health', 'monitor', 'droughts', 'trends', 'Access', 'information', 'schemes', 'markets', 'research', 'facilities', 'farmers', 'researchers', 'food', 'security', 'knowledge', 'resources', 'future']"
https://bhuvan-app1.nrsc.gov.in/deltas/index.php,"Dive into the fertile deltas of India with Bhuvan! Explore interactive maps showcasing the landforms, vegetation, and administrative boundaries of these vital ecosystems. Choose from the Mahanadi and Sunderbans deltas, and access detailed information on their hydrology, infrastructure, and conservation efforts. Track sediment flow, analyze land use patterns, and even contribute your own experiences. Bhuvan Deltas empowers you to explore, understand, and advocate for the sustainable future of these irreplaceable natural treasures.","['deltas', 'maps', 'landforms', 'vegetation', 'boundaries', 'ecosystems', 'information', 'hydrology', 'infrastructure', 'conservation', 'efforts', 'Track', 'sediment', 'flow', 'land', 'use', 'patterns', 'experiences', 'future', 'treasures']"
https://bhuvan-app1.nrsc.gov.in/cdma/index.php,"Bhuvan CDMA unlocks a detailed view of property tax data in Telangana. Explore interactive maps overlaid with satellite imagery, administrative boundaries, and property locations. Search by assessment number or district to access specific property details like type, area, and tax assessments. Monitor notifications, download data, and even get directions to specific locations. Bhuvan CDMA streamlines property tax management for authorities and empowers citizens to access information about their own valuable properties.","['view', 'property', 'tax', 'data', 'maps', 'satellite', 'imagery', 'boundaries', 'property', 'locations', 'Search', 'assessment', 'number', 'district', 'property', 'details', 'type', 'area', 'tax', 'assessments', 'notifications', 'download', 'data', 'directions', 'locations', 'property', 'tax', 'management', 'authorities', 'citizens', 'information', 'properties']"
https://bhuvan-app1.nrsc.gov.in/state/AP,"Explore Andhra Pradesh like never before with Bhuvan. Navigate detailed maps layered with satellite imagery, boundaries, and even housing infrastructure. Discover information on districts, cities, and villages. Delve deeper with data on population, land cover, and water resources. Uncover historical census details and points of interest like temples and protected areas.","['maps', 'satellite', 'imagery', 'boundaries', 'housing', 'infrastructure', 'Discover', 'information', 'districts', 'cities', 'villages', 'data', 'population', 'land', 'cover', 'water', 'resources', 'census', 'details', 'points', 'interest', 'temples', 'areas']"
https://bhuvan-app1.nrsc.gov.in/multilingual,This is a multi lingual tool for BHUVAN Website. It uses Central Authentication Services and Single Sign In Options to login and use the features.,"['tool', 'Options', 'features']"
https://bhuvan-app1.nrsc.gov.in/disaster/disaster.php?id=fire,"Bhuvan's disaster platform pinpoints active forest fires across India with real-time alerts. Explore interactive maps visualizing hotspots, overlaid with satellite imagery and administrative boundaries. Track historical trends, analyze fire risk zones, and access detailed reports for informed decision-making and proactive fire management. This empowers both authorities and individuals to anticipate, prepare for, and combat the destructive blaze of wildfires.","['disaster', 'platform', 'pinpoints', 'forest', 'fires', 'time', 'alerts', 'maps', 'hotspots', 'satellite', 'imagery', 'boundaries', 'Track', 'trends', 'fire', 'risk', 'zones', 'reports', 'decision', 'making', 'fire', 'management', 'empowers', 'authorities', 'individuals', 'blaze', 'wildfires']"
https://bhuvan-app1.nrsc.gov.in/shipping,This is a shipping related website of BHUVAN. It uses Central Authentication Services and Single Sign In Options to login and use the features.,"['shipping', 'website', 'Options', 'features']"
https://bhuvan-app1.nrsc.gov.in/rkvy/index.php,"The Rashtriya Krishi Vikas Yojana (RKVY), a flagship scheme of the Department of Agriculture, Cooperation, and Farmers Welfare under the Ministry of Agriculture and Farmers Welfare, has played a crucial role in driving and sustaining the growth of agriculture and allied sectors during the 11th and 12th Five Year plan periods. With over 12,000 projects sanctioned by states under RKVY, many of which involve infrastructure and asset creation, the initiative has taken a significant step forward through the implementation of Geo-tagging using Bhuvan Geoportal Technologies. This involves the use of an Android app to precisely locate RKVY assets. The Geoportal not only facilitates the visualization of asset distribution against a high-resolution image backdrop but also incorporates GIS analytical capabilities. This advancement aims to enhance the precision and management of RKVY projects by utilizing modern geospatial technologies for effective monitoring and decision-making. The integration of Geo-tagging through Bhuvan Geoportal reflects a commitment to leveraging technology for optimizing the impact and efficiency of agricultural development initiatives.","['flagship', 'scheme', 'Cooperation', 'role', 'growth', 'agriculture', 'sectors', '12th', 'plan', 'periods', 'projects', 'states', 'infrastructure', 'asset', 'creation', 'initiative', 'step', 'implementation', 'tagging', 'use', 'app', 'assets', 'visualization', 'asset', 'distribution', 'resolution', 'image', 'backdrop', 'capabilities', 'advancement', 'precision', 'management', 'projects', 'technologies', 'monitoring', 'decision', 'making', 'integration', 'tagging', 'commitment', 'technology', 'impact', 'efficiency', 'development', 'initiatives']"
https://bhuvan-app1.nrsc.gov.in/aibp/aibp.php,"Bhuvan AIBP sheds light on India's irrigation project landscape. Explore interactive maps showcasing project locations across states, overlaid with data on project details, funding, and progress. Dive into reports, monitor project implementation, and track water flow through canals and reservoirs. This platform empowers government officials, researchers, and anyone interested in India's water security to analyze irrigation efforts and ensure the efficient distribution of this vital resource.","['light', 'irrigation', 'project', 'landscape', 'maps', 'project', 'locations', 'states', 'data', 'project', 'details', 'funding', 'progress', 'reports', 'project', 'implementation', 'water', 'flow', 'canals', 'reservoirs', 'platform', 'government', 'officials', 'researchers', 'water', 'security', 'irrigation', 'efforts', 'distribution', 'resource']"
https://bhuvan-app1.nrsc.gov.in/mwrds/index.php,"Bhuvan's MWRDS portal delves into India's water sector, weaving a tapestry of information through interactive maps and detailed reports. Navigate satellite imagery overlaid with water bodies, infrastructure, and administrative boundaries. Dive into specific watersheds, analyzing parameters like groundwater levels, irrigation networks, and water use patterns. Track progress of Integrated Watershed Management programs, access relevant datasets, and even contribute your own knowledge. Whether you're a policymaker, researcher, or concerned citizen, Bhuvan MWRDS empowers you to explore, understand, and contribute to managing this vital resource in a sustainable way.","['delves', 'water', 'sector', 'tapestry', 'information', 'maps', 'reports', 'satellite', 'imagery', 'water', 'bodies', 'infrastructure', 'boundaries', 'watersheds', 'parameters', 'groundwater', 'levels', 'irrigation', 'networks', 'water', 'use', 'patterns', 'Track', 'progress', 'programs', 'datasets', 'knowledge', 'policymaker', 'researcher', 'citizen', 'resource', 'way']"
https://bhuvan-app1.nrsc.gov.in/pmgsy/home/index.php,"Bhuvan PMGSY takes you on a journey through India's rural roads, mapping the progress of the Pradhan Mantri Gram Sadak Yojana. Navigate interactive maps showcasing completed and ongoing road projects, overlaid with satellite imagery and administrative boundaries. Track construction progress, measure distances, and access detailed project information like length, cost, and beneficiary villages. Bhuvan PMGSY empowers you to witness the transformation of rural India, connecting remote communities and paving the way for increased development.","['journey', 'roads', 'progress', 'maps', 'showcasing', 'road', 'projects', 'satellite', 'imagery', 'boundaries', 'Track', 'construction', 'progress', 'measure', 'distances', 'project', 'information', 'length', 'cost', 'beneficiary', 'villages', 'transformation', 'communities', 'way', 'development']"
https://bhuvan-app1.nrsc.gov.in/collaboration/,"Bhuvan collaborates with diverse agencies to enrich its platform with local expertise. From tourism boards sharing information on scenic spots to forest departments tracking wildlife and managing resources, each collaboration unlocks a new layer of understanding about India's landscapes and infrastructure. This network empowers Bhuvan to offer a comprehensive and ever-evolving view of the nation, promoting informed decision-making and sustainable development.","['agencies', 'platform', 'expertise', 'tourism', 'boards', 'information', 'spots', 'departments', 'wildlife', 'managing', 'resources', 'collaboration', 'layer', 'understanding', 'landscapes', 'infrastructure', 'network', 'view', 'nation', 'decision', 'making', 'development']"
